id,item,formula,unit,conditions,refs
F01,总逻辑设备,N=TP*PP*DP,逻辑设备/rank,EP不另乘，910C按die时2die=1封装,megatron;asc-cm
F02,专家复制组,EDP=TP*DP/(ETP*EP),组,必须正整数；ETP独立于attention TP,megatron-moe
F03,分片分母,Sd=TP*PP; Se=ETP*EP*PP,无量纲,dense按Sd；专家按Se；真实最重stage另核验,megatron
F04,量化存储,P*b/8 + ceil(P/group)*(scale+zero) + tensorScale,字节,逐张量/块padding；计算器聚合近似×(1+packing)，NVFP4 tensorScale待张量数,k3-config;nv-fp4
F05,训练状态,Pd*bx/(Sd*Zd) + Pe*bx/(Se*Ze),字节/rank,ZeRO1:optimizer/master;2:+gradient;3:+weight。每微批同步可分片累积梯度；deferred/no_sync须保留未沿DP/EDP分片的本地梯度峰值，最终只同步一次；二者由gradientSync显式选择,zero
F06,低精度训练副本,copies*(quant(Pd)/Sd + quant(Pe)/Se),字节/rank,不替代高精度主状态；常驻副本默认0，瞬时在workspace,nv-fp4;zero
F07,LoRA参数,sum_target r*(din+dout),元素,是否bias/embedding/vision/routed专家训练需单列,lora
F08,激活代理,B*T*H*ceil(L/PP)*actBytes*coeff*liveMicro/SP,字节/rank,系数非实测；prefill峰值KV长度=历史缓存context+本批新增tokens；decode新增1 token。context允许0；checkpointing与微批驻留、视觉/logits另校准,megatron
F09a,MLA cache · Transformers reference,B*L_KV*L_MLA*30720*kvBytes*(1+kvMeta)*maxStageMLA/cacheShards,字节/rank,固定K3 HF参考实现先展开KV并缓存；每head key=128+64、value=128，共96*320=30720元素。只代表该实现布局,k3-config;k3-impl
F09b,MLA cache · vLLM NVIDIA K3 backend,B*L_KV*L_MLA*576*kvBytes*(1+kvMeta)*maxStageMLA/cacheShards,字节/rank,固定vLLM源码吸收kv_b_proj，缓存512 latent+64 RoPE维；576为元素布局，与HF展开互斥,vllm-k3-mla
F09c,MLA cache · vLLM fp8_ds_mla专用布局,B*L_KV*maxStageMLA*656/cacheShards,字节/rank,固定vLLM实现的fp8_ds_mla每token/layer专用656B布局；不得把576元素乘FP8位宽推作等价存储，scale/paging/allocator仍另验,vllm-k3-mla
F10,KDA state,B*L_KDA*heads*headDim^2*stateBytes*maxStageKDA/cacheShards,字节/rank,默认FP32假设，真实状态布局另验,k3-impl
F11,短卷积状态,B*L_KDA*3*heads*headDim*convLength*convBytes*maxStageKDA/cacheShards,字节/rank,缓存长度及dtype依backend；不是权重卷积张量,k3-impl
F12,每rank容量,modelStates*imbalance+activation+cache+workspace+gather,字节/rank,与HBM*(1-reserve)比较；按连续stage划分K3的MLA/KDA层并取各分支最重层数，分支独立相加为保守上界，不按ceil(L/PP)/L均摊缓存,zero;megatron;k3-config
F13,唯一状态容量下限,ceil(uniqueStateBytes/(HBM*(1-reserve))),设备,必要条件，不含激活/缓存/副本/缓冲，不是最小可启动设备数,作者代数推导
F14,MoE dispatch/combine,2*passes*Lmoe_stage*(B*T/TP)*topK*dispatchWidth*actBytes*(1-1/EP)*imbalance,发送字节/rank/微批,passes训练2/推理1；均匀路由无去重；latent通信位置须验,megatron-moe;asc-cm
F15,TP ring allreduce,calls*2*(TP-1)/TP*(B*T*H*actBytes),发送字节/rank/微批,calls=2*passes*localLayers；通信分派不同需替换,megatron
F16,DP梯度代理,syncCount*2*((DP-1)/DP*GdenseLocal+(EDP-1)/EDP*GexpertLocal),发送字节/rank/迭代,syncCount=accum(per_micro)或1(deferred)；分片状态驻留与本地全梯度缓冲按所选同步模式配套。保守通信代理；真实reduce-scatter不能按此声称实测,zero
F17,ZeRO3参数gather,2*accum*((DP-1)/DP*Wdense+(EDP-1)/EDP*Wexpert),发送字节/rank/迭代,前后向各gather一次/微批；Wdense=2Pd/Sd，Wexpert=2Pe/Se，PEFT仅adapter；prefetch/重算可改变次数,zero
F18,PP边界,passes*B*T*H*actBytes,发送字节/rank/微批,只计每rank出站：训练前向激活M+反向梯度M=2M；推理前向M。接收字节不再计作该rank发送；多边界分段/布局另验，PP1为0,megatron
F26,K3异构缓存stage峰值,max_s MLA_s; max_s KDA_s; max_s total_s,每stage层数,"93层连续PP分段；1-based MLA为4,8,…,92,93，KDA为其余69层。若用户更改结构则按MLA/KDA独立ceil(count/PP)保守上界，两分支最大值独立相加，不是精确同rank布局",k3-config
F27,专家TP整除,dispatchWidth % ETP = 0 && expertIntermediate % ETP = 0,valid/invalid,仅专家通信维可整除不够；K3 expertIntermediate=3072,k3-config
F19,通信时间代理,bytes*((1-c)/(BW_in*eta_in)+(c)/(BW_out*eta_out))+calls*latency,秒,GB/s转1e9；单向、c按每collective用户指定；还受bisection/peer/rail限制,作者代数推导
F20,线性计算代理,infer:2*Pa*T; full:(6+2*rho)*Pa*T; PEFT:(4+2*rho)*Pa*T+6*Padapter*T,FLOP,另乘B*DP与(1+extraFlops)，不完整包含attention/KDA/vision,作者线性层运算推导
F21,HBM读流量代理,weightBytes*readFraction*imbalance+KV+2*KDAstate+2*convstate,字节/rank/微批,非完整内存traffic；training不计历史KV，optimizer/grad traffic尚未建模,作者代数推导
F22,理想重叠组合,"max(compute,HBM,EP,TP,PP)*accum+DP+extra",秒,训练accum，推理1；再乘简化PP系数；不是严格下界/保证,作者情景模型
F23,未重叠组合,"sum(compute,HBM,EP,TP,PP)*accum+DP+extra",秒,不是上界；遗漏开销可使实际更慢，不是置信区间,作者情景模型
F24,端到端指标,TTFT=queue+tokenize+vision+prefill+firstDecode+PDtransfer; TPOT=decodeStep+schedule,秒,计算器只列组件，不提供实测TTFT/TPOT；tokens/s按实际非padding tokens,作者指标定义
F25,简化PP系数,train:(accum+PP-1)/accum; infer:PP,无量纲,非交错流水线近似；非真实最重stage调度仿真,megatron
