"字段","值","补充字段","说明"
"模型","MiniCPM3-4B","原模型ID","openbmb-minicpm3-4b"
"专题范围","待补超节点运行参数；不套K3缓存或训练图","模型配置来源","https://huggingface.co/openbmb/MiniCPM3-4B/resolve/d6b14ddaefdb11c624dd75c3c779549bc90b08cb/config.json"
"总逻辑参数","未导入超节点基线","依据","需逐模型核对"
"激活线性参数代理","未核验","用途","仅线性计算近似，不用于权重容量"
"路由专家参数","未核验","用途","与非专家分别TP/EP/DP分片"
"超节点公式","N=TP*PP*DP; EDP=TP*DP/(ETP*EP)","范围","并行budget，不是后端已支持"
"全参训练","参数+梯度+optimizer+master+activation+workspace","8/4bit","矩阵精度不能代替全部训练状态"
"LoRA / QLoRA","冻结底座 + 目标adapter状态 + 激活 + 反量化工作区","需补","r、目标层、格式与设备kernel"
"推理","分别prefill/decode；权重+KV+状态+工作区","缓存","仅K3使用本专题混合MLA/KDA公式；其他模型不可套用"
"设备支持","见hardware.csv及precision-support.csv","性能","未设备实测"
"交互情景","https://limjiunnbin.github.io/model-research-atlas/supernode/index.html?model=openbmb-minicpm3-4b","优化清单","../ascend-priorities.csv"
"保留缺口","总参数/激活参数/专家分解/训练参数集合/缓存结构/后端支持/设备拓扑","旧数据","本补充未改写原XLSX/CSV"