id,title,url,revision,sha256,accessed,kind
g1,cann-recipes-infer / models/glm_5_3/README.md,https://gitcode.com/cann/cann-recipes-infer/blob/96e5813f3a62686c9f1f9abba7d07dcd94687971/models/glm_5_3/README.md,96e5813f3a62686c9f1f9abba7d07dcd94687971,5421dd0e321cb418713cc7349d6bb31e95a962ed17c4c0ec6082d43e844d3743,2026-09-30,固定源码 / 文档
g2,cann-recipes-infer / models/glm_5_3/config/glm_5_3_flash_ep8.yaml,https://gitcode.com/cann/cann-recipes-infer/blob/96e5813f3a62686c9f1f9abba7d07dcd94687971/models/glm_5_3/config/glm_5_3_flash_ep8.yaml,96e5813f3a62686c9f1f9abba7d07dcd94687971,d6bc2d36dc617fd9895edc4a6ae71a19c9f7f087ad4139b2a81c766b7121dacc,2026-09-30,固定源码 / 文档
g3,cann-recipes-infer / models/glm_5_3/models/configuration_glm53.py,https://gitcode.com/cann/cann-recipes-infer/blob/96e5813f3a62686c9f1f9abba7d07dcd94687971/models/glm_5_3/models/configuration_glm53.py,96e5813f3a62686c9f1f9abba7d07dcd94687971,9b25668293fea328424fc851424925077c888f2774c9981a32d1914898f372b4,2026-09-30,固定源码 / 文档
g4,cann-recipes-infer / models/glm_5_3/models/modeling_glm53.py,https://gitcode.com/cann/cann-recipes-infer/blob/96e5813f3a62686c9f1f9abba7d07dcd94687971/models/glm_5_3/models/modeling_glm53.py,96e5813f3a62686c9f1f9abba7d07dcd94687971,4266e02fcf48149d1867573d977c1999e0a3b3032e46c8b28b59259606bfea11,2026-09-30,固定源码 / 文档
g5,cann-recipes-infer / models/glm_5_3/models/kda.py,https://gitcode.com/cann/cann-recipes-infer/blob/96e5813f3a62686c9f1f9abba7d07dcd94687971/models/glm_5_3/models/kda.py,96e5813f3a62686c9f1f9abba7d07dcd94687971,3ab94949148a2afca61c128c4b0aff7c5cebebb5917b2c8391e5f7eaf7f5003d,2026-09-30,固定源码 / 文档
g6,cann-recipes-infer / models/glm_5_3/models/indexer.py,https://gitcode.com/cann/cann-recipes-infer/blob/96e5813f3a62686c9f1f9abba7d07dcd94687971/models/glm_5_3/models/indexer.py,96e5813f3a62686c9f1f9abba7d07dcd94687971,573350c42737a230cc056a85e1750f0051efb0849f6eeba7d0363c8abb24fe9a,2026-09-30,固定源码 / 文档
g7,cann-recipes-infer / models/glm_5_3/models/modules.py,https://gitcode.com/cann/cann-recipes-infer/blob/96e5813f3a62686c9f1f9abba7d07dcd94687971/models/glm_5_3/models/modules.py,96e5813f3a62686c9f1f9abba7d07dcd94687971,ccf7ccb23f477fe4160aea3754d51d02c1df16bc114f2cbb4b3c3e138d7007df,2026-09-30,固定源码 / 文档
g8,cann-recipes-infer / models/glm_5_3/utils/convert_model.py,https://gitcode.com/cann/cann-recipes-infer/blob/96e5813f3a62686c9f1f9abba7d07dcd94687971/models/glm_5_3/utils/convert_model.py,96e5813f3a62686c9f1f9abba7d07dcd94687971,a0cc39665a1dfdee47bf7ec1121769515aa801a6ab776b1aef974f52b384b881,2026-09-30,固定源码 / 文档
g9,cann-recipes-infer / models/glm_5_3/utils/mx_quantize.py,https://gitcode.com/cann/cann-recipes-infer/blob/96e5813f3a62686c9f1f9abba7d07dcd94687971/models/glm_5_3/utils/mx_quantize.py,96e5813f3a62686c9f1f9abba7d07dcd94687971,ebf013a65f73c260d7ec24a31317c61e5beda01c6ca02befee015863295fec3b,2026-09-30,固定源码 / 文档
g10,cann-recipes-infer / module/quantization/compressed_tensors/compressed_tensors_w8a8_hif8.py,https://gitcode.com/cann/cann-recipes-infer/blob/96e5813f3a62686c9f1f9abba7d07dcd94687971/module/quantization/compressed_tensors/compressed_tensors_w8a8_hif8.py,96e5813f3a62686c9f1f9abba7d07dcd94687971,989a81a7061121f4080745c5e875fcf0859231c7395bc5c436583ee4643ce6d3,2026-09-30,固定源码 / 文档
g11,cann-recipes-infer / models/glm_5_3/set_env.sh,https://gitcode.com/cann/cann-recipes-infer/blob/96e5813f3a62686c9f1f9abba7d07dcd94687971/models/glm_5_3/set_env.sh,96e5813f3a62686c9f1f9abba7d07dcd94687971,2db90a4a7b5a7143327aa7ae78f679a63df222ac3b8b7cc69f9b4423866f33b7,2026-09-30,固定源码 / 文档
g12,cann-recipes-infer / module/quantization/mxfp4.py,https://gitcode.com/cann/cann-recipes-infer/blob/96e5813f3a62686c9f1f9abba7d07dcd94687971/module/quantization/mxfp4.py,96e5813f3a62686c9f1f9abba7d07dcd94687971,d5d8759d3e7f97c7b8bfb3252b9c06af2ebb36e907e02623065df6ce6132a114,2026-09-30,固定源码 / 文档
g13,cann-recipes-infer / module/quantization/mxfp8.py,https://gitcode.com/cann/cann-recipes-infer/blob/96e5813f3a62686c9f1f9abba7d07dcd94687971/module/quantization/mxfp8.py,96e5813f3a62686c9f1f9abba7d07dcd94687971,b6083e840efe3702b107312f4b3ef542f1370adf2813af451236fe9117cad3fc,2026-09-30,固定源码 / 文档
g14,cann-recipes-infer / module/quantization/compressed_tensors/compressed_tensors.py,https://gitcode.com/cann/cann-recipes-infer/blob/96e5813f3a62686c9f1f9abba7d07dcd94687971/module/quantization/compressed_tensors/compressed_tensors.py,96e5813f3a62686c9f1f9abba7d07dcd94687971,0dfdfb2aff6929d510e3de5ba6d55b22a20fcec16a14c72105e52abd7bdee9b7,2026-09-30,固定源码 / 文档
g15,cann-recipes-infer / executor/core/config/inference_config.py,https://gitcode.com/cann/cann-recipes-infer/blob/96e5813f3a62686c9f1f9abba7d07dcd94687971/executor/core/config/inference_config.py,96e5813f3a62686c9f1f9abba7d07dcd94687971,4789b86f5a3c4eab9d8efa6c6c2ff2f65eb35fa6fa1296fb6479ef360fec81ec,2026-09-30,固定源码 / 文档
g16,cann-recipes-infer / ops/ascendc/docs/custom-npu_hc_pre.md,https://gitcode.com/cann/cann-recipes-infer/blob/96e5813f3a62686c9f1f9abba7d07dcd94687971/ops/ascendc/docs/custom-npu_hc_pre.md,96e5813f3a62686c9f1f9abba7d07dcd94687971,3514d5ab7563a0a2c1a2a9c8c7aab8a28fd5a062ab3174ed30f5f293e0c4e94e,2026-09-30,固定源码 / 文档
g17,cann-recipes-infer / ops/ascendc/docs/custom-npu_hc_post.md,https://gitcode.com/cann/cann-recipes-infer/blob/96e5813f3a62686c9f1f9abba7d07dcd94687971/ops/ascendc/docs/custom-npu_hc_post.md,96e5813f3a62686c9f1f9abba7d07dcd94687971,2b4e2fd3d508355fd71966e8316e2a9a5becefd42d69bf13c51c2a052ac0e8bd,2026-09-30,固定源码 / 文档
g18,cann-recipes-infer / models/glm_5/README.md,https://gitcode.com/cann/cann-recipes-infer/blob/96e5813f3a62686c9f1f9abba7d07dcd94687971/models/glm_5/README.md,96e5813f3a62686c9f1f9abba7d07dcd94687971,b871ca3b1f1dc13fae46a0a7d869b18fa6f013705d60ff322c58bc6bd06a648e,2026-09-30,固定源码 / 文档
g19,cann-recipes-infer / models/glm_5_2/README.md,https://gitcode.com/cann/cann-recipes-infer/blob/96e5813f3a62686c9f1f9abba7d07dcd94687971/models/glm_5_2/README.md,96e5813f3a62686c9f1f9abba7d07dcd94687971,0767910071ed924b312da2fcb87a28f55d72d9e3ecaa8fbb49b299edf592e4fd,2026-09-30,固定源码 / 文档
g20,cann-recipes-infer / models/glm_5/models/configuration_glm.py,https://gitcode.com/cann/cann-recipes-infer/blob/96e5813f3a62686c9f1f9abba7d07dcd94687971/models/glm_5/models/configuration_glm.py,96e5813f3a62686c9f1f9abba7d07dcd94687971,a452769ed5441af89422854ce17f306573864397b3203ae70418e503de7fc936,2026-09-30,固定源码 / 文档
g21,cann-recipes-infer / models/glm_5_2/models/configuration_glm.py,https://gitcode.com/cann/cann-recipes-infer/blob/96e5813f3a62686c9f1f9abba7d07dcd94687971/models/glm_5_2/models/configuration_glm.py,96e5813f3a62686c9f1f9abba7d07dcd94687971,cf7c229b4fc3be8fbc0adc8fa0e61a6d2723489e5b071afa8929a1c1891dbf71,2026-09-30,固定源码 / 文档
